Reward,Qmax,MaxAngle,MaxAngleSpeed
-4.128331303897999,0.00130693378939291,0.6873803667785893,0.005723659009436075
-3.4724248066577714,0.0025904807771074036,0.0026980312625688625,1.2435012080201693
