Reward,Qmax
-1099.980030895779,-0.5315859409741795
